sensor_index,name,latitude,longitude,pm2.5_atm
264593,oLoco,36.22511,-121.7638,3.3
3277,Shop,37.11794,-120.7445,0.0
3329,Front Office,37.11881,-120.74453,0.0
265737,CC5,36.767498,-121.75279,15.5
265781,CCA3,36.784927,-121.732285,4.5
265801,Javiland,36.926186,-121.7738,5.5
4103,Almaden Valley,37.236416,-121.88754,4.2
4299,Saratoga Scotland near Glasgow Rd,37.2747,-122.0229,6.1
4333,Saratoga_Hills,37.26342,-122.04283,4.3
4355,Laurel/California,36.968987,-122.03479,5.1
4431,SchnauzerLogic Studios,37.248825,-121.950264,5.6
4606,Stevens Canyon,37.28064,-122.11939,0.0
266858,CCA4,36.77115,-121.75652,42.2
4797,Glengarry,37.031498,-122.069084,5.0
5488,Spruce @ 16th,36.618027,-121.919815,4.8
5650,Midtown Santa Cruz,36.981,-122.012,6.5
6408,Amberwood,37.09569,-121.63899,9.6
268632,López Family,36.956783,-121.76231,6.1
7846,Hillside Ave,36.603,-121.9294,5.2
9162,CCA Semilon and Viognier,36.98806,-121.58136,2.1
9190,CCA Tierra Grande and Via Paloma,36.537224,-121.79822,2.5
271856,Cerezes,36.925613,-121.739914,5.6
271858,AllisonSt,36.90233,-121.73668,4.0
271866,Corralitos1,37.01897,-121.79427,0.0
9750,Las Cumbres,37.208908,-122.06513,2.7
271908,Pajaro 4,36.897957,-121.74808,4.1
272771,Pajaro2,36.90617,-121.74605,5.8
272777,"Glemar Street, Watsonville",36.92387,-121.75256,5.4
11032,Hollister_snnyslp_ln,36.83655,-121.37074,3.5
273795,"1425 Hidden Valley Road, Soquel",37.033356,-121.97321,5.5
14073,Briggs Creek Ridge 1600ft alt,37.186745,-122.021164,2.9
14633, Hazelwood canary ,37.275562,-121.964134,4.0
14693,"Gilroy, California, Cedar Court",37.00943,-121.59573,1.1
15245,Sunrise Almaden,37.22836,-121.86348,5.7
18299,Fruitvalle,37.251064,-122.0113,3.1
18395,Baird House,37.28167,-121.98334,4.8
18405,Almaden Greystone,37.21571,-121.83767,0.0
18431,Jackson Oaks,37.138313,-121.58963,4.2
18561,Del Rey Oaks,36.591408,-121.83396,3.1
18877,"Los Gatos, CA",37.143368,-122.01382,0.3
19023,Hillbrook School,37.22707,-121.953415,5.5
19063,Kennedy north,37.227673,-121.96063,3.6
19211,SempleAve ,36.967335,-121.88514,4.9
19425,Sanborn Park,37.22823,-122.05479,4.9
19457,Soquel Elementary,36.985897,-121.95652,0.0
19463,downtown on River Street,36.97847,-122.02638,1.2
19497,Scarsdale Place,37.19602,-121.84057,3.6
19507,Glen Crest - Almaden,37.202896,-121.850975,3.7
19585,City of Gilroy,37.00723,-121.55959,2.4
19669,Country Estates,37.050777,-122.15775,5.8
19733,Grooming bays,36.924152,-121.81189,5.2
20157,Weird Hill,37.272476,-121.815865,3.6
20383,Firhaven Ln,37.10173,-121.90174,1.8
20469,Campbell 85,37.26549,-121.98085,4.1
20527,Bohlman,37.24206,-122.04796,4.5
20573,Madrone Place AQI,37.246506,-122.126465,2.8
20607,Spencer Ct,36.982265,-121.98709,6.9
20609,Saratoga Country Club,37.283337,-122.053635,5.4
20659,End of Timmus Ln.,37.133007,-121.95076,0.0
283234,Middle Oak Ridge,37.20112,-122.05525,0.0
283492,Calabas1,36.941273,-121.788956,8.4
283535,E Fifth,36.91951,-121.75037,5.2
283540,Javier Gonzalez-Rocha,36.867767,-121.73432,5.4
21449,"Saratoga, CA",37.268364,-122.029854,3.3
21887,Fish,36.967377,-122.043,0.0
284252,Mariposa,37.23751,-121.98217,5.7
22427,BigSurMiddleRoad,36.254562,-121.81609,2.1
22513,Cheltenham Way,37.228786,-121.76118,4.6
284682,Beverly Drive,36.93342,-121.74224,4.3
284868,White Oak Way,36.50027,-121.75055,2.5
23095,Luigi Aprea outside,37.026367,-121.60415,2.7
23793,San Diego &amp; Ashlan,36.79301,-120.43946,2.8
289402,Felton,37.08565,-122.03816,4.1
28667,Hammer,37.255356,-121.8867,4.1
29349,Front Porch Aromas,36.905457,-121.65945,34.7
292763,Backyard,37.271122,-121.8718,4.6
294207,Morgan Hill,37.104218,-121.65701,6.4
294301,CCA Fam. Andrade,36.770634,-121.76016,5.6
294423,1900 highway 1 space8,36.83389,-121.7728,6.3
294417,Fam Martinez,36.769165,-121.763985,7.4
294439,Airpace Integrated,36.905975,-121.84182,5.5
33673,Fairhaven,36.5681,-121.96127,0.0
34125,PG-Lighthouse,36.617977,-121.90805,3.8
296612,Farmer nr Cooper,37.0559,-122.07653,4.2
35749,Los Gatos Vista,37.225002,-121.964355,5.3
36239,Jackson Ave,37.081284,-122.09461,4.5
298499,Monterey Bees,36.5894,-121.91816,5.1
36521,Doerr Park,37.2725,-121.9176,0.0
36559,SJGR Salinas,36.75225,-121.62232,4.8
298765,The Clown Car,37.283268,-122.0369,7.2
36619,Empire/Pine Flat,37.0837,-122.13436,1.9
38295,Monteverde Dr,37.22835,-121.89521,4.5
38547,Toll Gate,37.256374,-122.04934,4.7
38661,Lower Favre,37.190155,-122.05823,2.9
38889,Branham Jarvis,37.26046,-121.89164,5.8
301473,1244 Laurent St,36.977543,-122.042465,6.3
39489,IRR-IRW,37.25159,-122.12254,3.3
302722,El Capitan,36.669655,-121.78208,4.0
304094,Vierra Meadows PL,36.798122,-121.65601,4.7
42861,Casa Loma McKean,37.151684,-121.754295,2.6
42967,Bonny Doon,37.048027,-122.16178,2.7
46465,Lompico Park,37.104336,-122.050674,8.3
308800,Brook Knoll,37.018013,-122.03122,5.0
309400,Outside,37.283672,-121.96666,4.7
48593,Espresso Ridge,37.220184,-121.9918,5.4
50745,Meder St,36.97475,-122.06478,4.9
51587,Briarglen,37.264412,-121.87846,4.5
52735,Cedar Gables,37.26128,-121.87854,4.0
52931,Almaden Hills Estates,37.234093,-121.86431,2.7
53455,South Willow Glen (tl),37.28256,-121.88561,7.7
53459,Upper Montevina,37.20564,-122.01327,4.9
53503,Elk Run,36.58021,-121.86322,3.2
53877,PA-2 Colleen,36.990856,-121.93677,3.9
54119,"Hack Avenue, Campbell",37.264923,-121.97022,4.7
54169,Summit Rd,37.13286,-121.955925,3.7
54189,Brooktree Way,37.209034,-121.83564,3.9
54459,Hillvale,37.233856,-121.99346,57.8
54555,Mockingbird Hill Lane,37.195705,-121.83563,4.4
54745,Granite Ridge,37.060158,-121.99086,3.7
55171,Timber Ridge,37.07026,-121.98965,0.0
55699,Viewpoint,36.98682,-121.91102,7.7
55831,Rancho Santa Teresa,37.228844,-121.797195,5.5
55969,Rancho Laguna Seca,37.168655,-121.71998,5.8
56033,Monterey,36.577515,-121.85851,3.9
59693,SMeast,37.084263,-121.588264,2.7
60067,end-of-bohlman,37.22043,-122.03443,5.9
60165,K&amp;S Lockwood,35.923088,-121.07588,2.8
60191,Woodcrest Outdoor,36.59356,-121.901726,5.2
60283,Front Porch,36.88689,-121.58291,6.1
60313,Timber Ridge Lane,37.06883,-121.98734,1.5
60437,Holiday Court,37.159603,-121.61313,5.5
60549,alta,36.954903,-122.0388,0.0
60829,QUIEN SABE,37.04412,-122.02001,7.7
60843,eyeCatchLight Photography,36.969906,-122.048134,6.3
61597,Montauk Outdoors,37.2637,-122.01734,5.1
61655,Las Colinas,37.12947,-121.642944,3.7
62191,Hampton Drive,37.20658,-121.85951,9.0
62207,15th Avenue,36.96255,-121.99147,0.7
62279,Francis Oaks Exterior,37.234383,-121.93943,0.0
63111,Marley,37.001842,-122.01962,7.0
63113,FBW,36.835922,-120.317635,7.0
63115,Camino Real,36.558426,-121.927345,4.0
63163,Boyer Outside,37.22668,-121.97852,5.2
63213,Canon Del Sol - La Selva Beach,36.92184,-121.85166,3.4
63247,Crossgates neighborhood,37.22564,-121.87434,4.6
63429,"Eagle Ridge, Gilroy, California",37.005367,-121.621315,2.2
63437,Craig Ave,37.277836,-121.96574,0.0
63507,Granite Creek Rd,37.036686,-121.99748,4.2
63593,Lower Loma Alta Ave.,37.22119,-121.970856,5.4
63873,Capitola Mall/Live Oak,36.970737,-121.9691,5.4
63933,Colton out,36.591637,-121.90228,2.6
64315,Darwin's House,37.141586,-121.97135,4.4
64399,Plympton,37.226246,-121.763794,5.0
64403,East vineland,37.243298,-121.97303,0.0
64409,Vista del Mar,37.21985,-121.96618,7.4
64447,Hawthorne and Drake,36.611008,-121.9008,14.1
64461,Villa del Monte (West),37.123894,-121.958466,2.6
64711,Stance Ave,36.993504,-121.94746,4.4
64783,Galen,37.229588,-121.82575,6.1
64857,Montego Hills,37.219116,-121.8935,5.4
65237,The Wolf's Den (Outside),37.268948,-121.80973,4.6
65269,Vale &amp; Parr,37.26421,-121.96677,4.4
65421,Brackney,37.067093,-122.0805,4.1
65657,Pleasure Point,36.958485,-121.97253,5.2
65695,Western Court,36.96797,-122.05804,5.8
65717,Silver&amp;Black,37.275345,-121.9388,5.8
65721,Lincoln Glen,37.281696,-121.89232,6.9
65727,Bees Knees,37.27943,-121.97542,4.4
65947,Sunny Cove,36.961082,-121.98862,4.1
66019,Branham and Kingspark,37.2665,-121.84102,4.5
66169,End of Echo Drive,37.142715,-121.97199,4.0
66185,SanMiguelCyn / TwinLakes Dr,36.87375,-121.689995,5.9
66355,Carmel Valley Ranch,36.5185,-121.79684,4.6
66419,Christensen Ranch Airport,36.871403,-121.337685,1.6
66427,Graystone outdoor,37.21696,-121.8346,0.0
67193,Crest Lane Outdoors,36.91816,-121.83805,8.4
67279,Vasquez Trail,36.465576,-121.78044,4.0
67307,Kennedy,37.227036,-121.966896,5.7
67323,LV outside,36.996357,-121.874214,5.1
67349,Fontenay Villa,37.08076,-121.97402,5.5
67379,Roof,36.973373,-121.90826,9.0
67465,Agrinemsors - outside,36.46259,-121.729294,3.7
67477,MH outside,36.968086,-122.03695,9.6
67817,CBS_SV,36.55621,-121.91748,4.8
67911,Whispering Oaks,37.194065,-121.818016,5.9
68057,SCT Outside,36.43751,-121.79037,2.1
68117,Lynwood Place (Outside),36.94366,-121.797195,5.4
68291,Crestwood,37.27533,-121.888275,7.8
68433,5819 Zileman Drive,37.2453,-121.820816,7.4
68515,Lower Beatty,37.204376,-122.077896,0.2
68533,N.H. Hatton Road,36.54794,-121.9143,4.8
68585,Graystone Deer Out,37.22714,-121.85765,5.1
68881,Bohlman Rd and Bay Spring,37.226486,-122.040886,0.0
68939,Harbor Pegasus Racing,36.96654,-122.00283,5.5
69071,harmless science experiment,37.122826,-121.990005,0.0
69133,"Los Gatos , Suview dr",37.225327,-121.93972,5.9
69259,Summit West - Mountain Charlie,37.133663,-121.99027,3.7
69267,Calera Wine Company,36.738834,-121.37092,2.0
69353,Hillsdale and Cherry,37.272488,-121.88925,2.2
69375,Roaring Water Way,37.160606,-121.97068,1.1
69491,Leavesley at Crews,37.037693,-121.520004,7.1
69517,Sanborn Park Proper,37.235,-122.06009,0.0
69525,Parkview,37.26804,-121.847694,3.8
69557,Ashley and Balir,37.053818,-122.076485,0.0
69639,Cali oughtta be here,37.158863,-121.98413,2.4
69681,Front Porch,36.876312,-121.62787,6.6
69687,Greenridge,37.23325,-121.93388,5.6
69899,The Dunes Marina,36.66424,-121.80471,4.3
70011,Teahouse,37.04903,-122.02667,5.5
70031,Chipper Hill,37.2521,-122.05436,5.6
70197,"Brookdale Neighborhood, Carmel",36.537342,-121.8693,3.1
70323,West Cliff,36.960854,-122.02581,7.4
70475,Aviator Ct,37.0524,-122.03299,5.3
70495,Creekview Vinyards/FEVS,37.08609,-121.56962,0.0
70509,Twin Creeks2-Grebob,37.246185,-121.99613,5.0
70553,West Heights,37.235275,-122.007484,6.5
70677,JZ Outside,37.257515,-122.017265,28.5
70707,BEDlaM,37.246357,-121.915955,6.8
70729,Bluebonnet,37.050243,-122.02595,3.7
70871,Bear Creek Rec,37.141594,-122.08988,0.0
71539,M&amp;M Cerro Chico Los Gatos,37.224884,-121.963264,0.3
71541,Felton Heights,37.042908,-122.089485,0.0
71605,Portola Hts - 5 Points,37.27389,-122.18016,4.1
71791,Schiller2,36.970497,-122.05811,5.9
71793,Quail Hollow Bowl,37.08128,-122.07145,3.8
71799,Bayliss Pl,37.219982,-121.761406,3.9
72253,Buena Vista Outside,37.1509,-122.1251,2.9
72333,Spring Street Outside,36.982567,-122.04551,0.0
72573,Sensor3,36.82974,-121.64596,5.3
72597,San Bernabe,36.589924,-121.90349,0.1
72613,Pinehurst Cabana Club,37.27263,-121.86842,4.1
72813,Vista Park,37.26401,-121.85738,5.5
73195,Hihn/Azalea,37.074978,-122.07756,0.0
73215,Pacific Elementary School,37.011806,-122.19473,0.8
73219,CV Village,36.481075,-121.733665,3.4
73497,Florence Court,37.12816,-121.6647,5.5
73515,Bannock Circle,37.274788,-121.984795,5.5
73589,HolbrookHouse,37.05646,-122.02592,0.0
73683,Harper Court,36.97484,-121.989395,6.4
74183,Shear Creek,37.202442,-122.06677,2.8
74483,Bond Court,37.222633,-121.96055,6.0
74529,Edgefield Drive,36.56183,-121.90849,5.9
74825,Nobel Gulch Park,36.97698,-121.95003,6.2
75019,The Cosmic Center,36.816586,-121.73004,5.6
75153,Spyglass #16,36.586884,-121.94758,4.7
75343,House Family,37.27588,-122.049255,7.0
75753,"Corallitos, CA",36.978012,-121.82062,5.4
75775,Castle Hill Drive,37.134506,-121.686935,6.3
75887,Ben Lomond- Outside,37.086357,-122.08739,6.9
76097,Old Creek,37.05382,-121.66002,2.6
76373,OnTheCliff,36.962433,-122.05608,4.9
76447,Husted-Fairdell,37.277367,-121.90279,3.7
76499,Harper,36.568073,-121.70494,1.7
76583,Saratoga Heights,37.244698,-122.041664,5.3
76597,Camden Near Butcher Park,37.2575,-121.915924,4.0
77051,Navigator Drive,37.05044,-122.03397,2.6
77243,Fox Apiary,37.084843,-121.61383,0.0
77359,So Salinas 776,36.669666,-121.67687,5.5
77451,Big Foot Hill,37.038143,-122.07705,5.2
77723,Springpark,37.270535,-121.84599,6.6
77841,MVRR,36.97136,-121.86338,4.6
78121,"Crossgates, Mojave Drive (Outside)",37.224262,-121.875404,5.2
78287,Big Redwood Park,37.114243,-121.98243,1.3
78291,Nuthouse,37.24678,-121.89287,5.3
78365,Calle de Amor Backyard,37.228783,-121.905785,4.9
78379,Sunpark,37.267166,-121.84683,4.0
78393,Mount Madonna,37.024944,-121.72384,5.2
78427,Redding Road Campbell,37.265156,-121.94877,6.0
78433,Pippin,37.04834,-121.96994,4.6
78493,Barbara Drive,37.242138,-121.92831,6.1
78591,GraniteCreek near Southwood,37.05643,-121.997284,4.8
78919,19yoZemite,36.617065,-121.828094,0.5
79177,Emerson,37.258984,-121.95168,4.9
79325,San Vicente,37.197693,-121.79909,4.4
79761,Almaden Village,37.20308,-121.83955,6.3
79963,Saratoga Swim Club,37.254223,-122.023224,6.1
80409,Live Oak Santa Cruz,36.97257,-121.990425,0.0
80572,Rose Garden-Almaden Winery,37.237785,-121.89314,3.7
80813,Hickman Ct.,36.959995,-121.97731,3.8
80965,PA Spa Taranga,37.229115,-121.76327,0.0
81047,Dover and Howe Outdoor,36.99021,-121.972244,7.2
81075,Wente Greenfield Office,36.279583,-121.30499,3.2
81387,Bad Dog Farms,36.52744,-121.84132,3.0
81671,"Graystone Hills, Almaden Valley, San Jose, CA",37.216774,-121.82152,5.0
81843,Miss Eddie’s House,36.543636,-121.92493,3.8
82067,Los Altos Drive,36.966465,-121.88861,9.1
82447,Via Ventana,36.90906,-121.77564,19.8
82459,Summit Rd.,37.035297,-121.74771,3.5
82905,Cresta Vista,37.139587,-122.12675,3.5
83017,Outside La Lena St,37.108776,-122.04694,3.2
83039,Back Yard,37.232697,-121.9606,6.6
83071,Cowper Ct,37.228886,-121.90047,4.5
83115,skynet.saratoga,37.278217,-122.028175,5.7
83235,Halifax Snoopy LFL,37.27298,-121.99198,4.1
83259,Outside-Tinkers,37.114655,-122.10561,3.3
83457,Redwoodridgeestate-out,37.159332,-122.00468,3.0
83495,Sakamoto,37.2311,-121.8385,6.0
83511,Mosewatson,37.088825,-121.648895,4.9
83523,"Pheasant Run Golf Course #17 Chowchilla, Ca.",37.12282,-120.22234,2.1
83579,Orchard-Meadow-Art,37.274796,-122.06746,4.7
83641,"Maricopa Dr, 95032",37.243958,-121.95639,6.5
83931,Carmel Highlands,36.487633,-121.935036,4.8
83999,Brookdale,37.104656,-122.111984,0.0
84007,AHMF,37.111412,-121.99222,1.8
84031,Thistle Dr,37.266724,-121.85353,3.5
84061,Outlook Drive - Carmel,36.56402,-121.900856,3.0
84119,Sleeper Gulch,37.20419,-122.10903,0.9
84123,Upper Pine Hills Drive,36.561016,-121.89387,4.1
84215,Schulties Rd,37.118244,-121.96298,2.9
84249,Huntington Ct,36.981586,-121.870636,4.2
84331,Light Springs Road,37.006554,-121.83728,0.0
84513,Anderson Dam Look Out,37.16196,-121.62413,8.0
84581,car wash,36.98461,-121.98995,6.5
84679,Upper Comanche Trl,37.16123,-121.97972,0.0
85101,Trescony Backyard,36.968403,-122.040886,3.9
85151,La Rinconada,37.25746,-121.96904,5.5
85249,Cloud9,37.227673,-122.15078,4.8
85543,Curry Ave Home Outdoor,37.15071,-121.6748,5.6
85575,Sunrise,37.09469,-122.114235,0.0
85723,Ryder Road,37.075024,-122.041916,3.9
85811,16605 Oak View Circle,37.138603,-121.59463,5.6
86143,TheBatCave,37.104416,-121.64241,6.9
87085,6039 Allen Avenue,37.238583,-121.8586,5.7
87535,Air_Quality,37.23775,-121.954155,5.5
87649,Murphy Springs,37.140324,-121.66933,6.4
87653,Amity Ranch,36.552326,-121.11999,0.0
90443,Bohnen Road,37.070023,-121.95988,4.8
90587,Dahlberg,37.115105,-121.68435,6.8
91021,Dawn Way,36.979942,-121.57202,2.1
92225,Aptos Hills,36.94754,-121.83052,5.1
93521,Marc's weather station,36.596676,-121.909584,3.9
94417,Las Colinas,37.00919,-121.80666,2.4
94633,Rebecca,37.11494,-122.102905,0.0
96053,The Farmhouse,37.081974,-121.580795,2.9
96241,East Garrison,36.65262,-121.73911,3.6
96633,Chalone Vineyard,36.470284,-121.229744,1.8
96811,Coalinga - Mesa Way,36.155746,-120.34577,1.1
96829,BDUESD,37.062332,-122.14793,3.6
97265,Post Ranch Sierra Mar South,36.22973,-121.77173,3.1
98167,Skyline Goat Trail,37.179832,-122.02993,1.7
98209,Weather_Rock,36.779118,-121.72451,4.7
99657,Oxford Way,36.954292,-122.038315,0.0
100119,Saratoga Hills,37.238766,-122.04426,5.9
102172,Bronson,37.25463,-121.92873,4.0
102596,Olive Springs Near Quarry,37.058266,-121.92316,3.1
103870,Upper Zayante,37.161026,-122.013176,3.0
104100,Tranquility RAMP PA,36.63435,-120.38337,1.2
104680,Westside Lighthouse,36.954346,-122.032135,8.2
108636,Outside,37.232243,-122.14726,4.1
109182,Cloud's Rest,37.150047,-122.00445,1.9
109416,Carbonera,36.997307,-122.0149,6.0
109528,Hester Creek,37.088043,-121.94188,4.6
109694,Blossom Valley - Sakamoto,37.229485,-121.833176,4.0
109856,Moongoat,37.0232,-121.9364,5.1
110026,Maude Ave,37.249077,-121.99884,2.5
110028,Hecate house,37.254963,-121.949,5.5
110390,La Rinconada &amp; Clearview,37.25615,-121.97466,8.3
110542,Teerlink,37.262653,-122.0563,5.0
110666,Blackstone Drive (outside),37.127342,-122.12728,4.3
110684,Mercey Hot Springs,36.70463,-120.860405,3.7
110969,Foster Rd,37.212303,-121.97131,6.4
111309,Santa Teresa,37.22756,-121.83302,4.9
111401,East Gilroy foothills,37.01683,-121.497475,3329.8
111682,Discovery Charter School,37.235413,-121.84675,4.6
112018,SCVCC,37.272736,-121.77079,0.6
112042,Hollow Dale,37.117645,-121.65803,5.6
112048,"Steinway, Campbell",37.267403,-121.96955,5.4
112134,Prospect,37.215195,-121.98083,5.8
112164,Grandview Ave,37.236237,-121.98981,4.7
112812,208 bella vista ave,37.22424,-121.9717,5.4
112982,ViaVespero,37.163254,-121.820496,0.9
113172,TAL1,37.223145,-121.86786,0.3
113220,Spanish Ranch,37.10412,-121.89996,3.3
113262,Brighton Oaks,37.131763,-121.65149,0.4
113622,22546 Summit,37.142136,-121.97597,0.0
115529,Beckham,37.226063,-121.80426,0.2
115579,BegoBlossom,37.23602,-121.91125,0.8
115951,Wood Acres Rd,37.233604,-122.01291,1.2
116105,Pentz,37.245174,-121.807655,0.0
116111,Lupine Lane,36.995827,-121.98386,3326.6
118457,Burchell Valley,37.02953,-121.640884,1.7
118477,Hawk Ridge Lane,36.994827,-121.757904,0.3
118483,Hillcrest Dr near ACC,37.21427,-121.86768,0.9
118761,Almaden Cabana Club,37.20969,-121.84097,0.9
118815,Sunnyside Road,37.161037,-121.96974,0.0
118953,Lupine Dr,37.054375,-122.02428,0.3
118997,Espana Ct Outside,37.16057,-121.64168,1.2
119009,Copper Peak,37.1979,-121.84282,1.8
119459,Koch and Almaden Expy,37.28226,-121.88352,0.5
119627,Mozart,37.25965,-121.95788,0.5
119721,Gillette Drive,37.15269,-121.975136,0.0
119827,Loma Mar,37.26787,-122.31175,1.3
119935,Curtner &amp; Booksin,37.28319,-121.90406,0.1
120179,Comstock Estates,36.929104,-121.356514,0.0
120313,1943 Redwood Dr,37.003704,-121.90143,0.3
120501,OFP,37.094696,-121.609535,0.0
120801,"135 Calera Canyon Rd, Corral de Tierra",36.5335,-121.7379,0.0
120831,Carina,36.562366,-121.81591,0.3
120835,MalAeolus,37.1556,-121.99139,2.3
120897,K6GSJ Mt. Umunhum,37.160103,-121.9079,0.0
120931,Paradise Park,37.00219,-122.038124,0.2
120967,Lower Valencia Rd,36.97983,-121.891335,1.1
121121,Rogers St,37.218723,-121.97814,1.4
121451,Sandy Sea Turtle Landing West - Outside,37.278805,-121.916626,1.3
121663,Kalkar Quarry,36.98214,-122.048676,1.3
123799,Hazel Ave.,37.27532,-121.96721,5.7
124645,SYM1122P,36.92189,-121.75982,4.9
126061,Worcester Park,37.222622,-121.96718,0.0
126251,Terra Mia Mission Ranch outside,37.15567,-121.64027,0.4
126331,East of West Valley College,37.262287,-122.00318,1.1
126469,Oneda Ct,37.157864,-121.98156,0.2
127271,Pleasure Point,36.961956,-121.96836,0.0
128217,MG,37.058117,-121.9571,0.6
128249,Creek Dr.,37.171894,-122.14442,0.0
129359,Rosswood Dr-r2,37.244698,-121.93598,1.3
131819,Upper Dry Creek Rd,36.59029,-121.91659,0.9
134408,High Meadows,36.565357,-121.905685,0.0
134888,Eighth St,36.660965,-121.80852,2.5
135134,Fieldcrest,36.603237,-121.64552,2.0
138002,IBM Research - Almaden,37.21128,-121.80638,10.3
141830,Winzer Place,36.994026,-121.59421,0.0
142964,Beegum,37.249977,-121.81632,6.1
144738,Chester St.,37.229755,-121.97713,0.4
148013,Pinnacles NP- East Entrance,36.484753,-121.157265,1.2
150354,Outside,37.26881,-121.877,4.7
150824,Burl Road,37.032932,-122.00651,3.7
151530,McMahon Road Ranch,36.91161,-121.3512,3.0
152666,Mojodojocasahouse,37.270313,-121.999435,0.0
152962,Skyote Mountain,37.092022,-121.997284,4.2
155205,San Jose Felder Drive,37.22862,-121.80887,4.1
155523,keck park,36.13851,-120.36951,0.0
156099,Serramonte Drive - Los Gatos,37.238945,-122.0025,4.2
156279,Juniper Court,36.695824,-121.80144,0.0
156431,Mill Site Rd,37.058247,-122.019356,4.3
156747,willowgate,37.265,-121.89521,4.2
157139,SCWS,37.005974,-122.07281,2.0
159603,Day Valley,37.000256,-121.84941,4.0
163039,ucm-431d,36.604824,-121.9192,10.0
163037,ucm-7e1f,36.21948,-121.13123,11.8
163041,ucm-f94b,36.67722,-121.62704,3.5
163045,ucm-54f,36.472797,-120.393524,2.5
163049,ucm-65cc,36.577785,-121.7175,3.8
163071,ucm-9742,36.42808,-121.33121,4.4
163069,ucm-8b62,36.71268,-121.61996,5.9
163073,ucm-49a1,36.849644,-120.448746,1.1
163079,ucm-2a64,36.50837,-121.44398,3.9
163085,ucm-653B,36.72671,-121.65586,6.0
163133,UCM-A7C0,36.254154,-120.23114,1.4
163149,ucm-C045,36.67938,-121.62715,7.4
163201,ucm-8ba3,36.650852,-121.79771,4.5
165015,Upper Laurel Outside,36.48942,-121.73458,2.0
165567,Co-located LBUSD,37.052753,-120.84012,1.8
171531,Surrey Farms,37.22585,-121.95488,4.4
171975,VVDDC,36.588055,-121.905106,4.6
173555,Surmont Hill,37.23103,-121.92223,6.1
184713,Skyview,37.126644,-121.95656,1.8
187941,8133 Hihn,37.06981,-122.07168,3.6
190467,DePaul,37.081844,-121.55609,3.1
192599,Foxview,37.13955,-121.592575,3.2
193527,Gateway School (new),36.953396,-122.04876,6.7
193959,Lakeside,37.193832,-122.018585,2.8
193987,Shepherds Knoll Road Bldg 2,36.581867,-121.91297,2.8
193989,Rancho Prieta,37.106766,-121.88154,1.4
194059,Venado Court,37.2493,-121.81083,3.1
195483,Calle Hermosa,37.13862,-121.653336,0.6
195607,Westdale NW,37.06168,-122.145004,4.2
195856,Valley View Park,36.823673,-121.37095,3.6
195861,Santa Cruz California St,36.966747,-122.034424,5.2
196054,ShadowBrook Swim Club,37.213215,-121.849594,6.0
196279,Chartwell School,36.63665,-121.80296,4.0
196427,Outside the pain cave,36.973625,-122.035675,4.9
196433,Del Mesa Carmel,36.542767,-121.87376,3.1
196445,ConcordCourtMarina,36.67211,-121.79088,4.0
196709,MANZANITA DR,37.156258,-121.605156,4.1
196803,Ohlone,36.46592,-121.79565,0.7
197591,Bear Creek Road,37.170845,-122.05572,2.1
198215,Almaden Country Day School Garden,37.21873,-121.851395,0.8
198223,Walnut + King,36.973297,-122.03977,6.1
198555,GH,37.25629,-122.01982,6.2
198799,Nord-ln,37.27586,-121.90443,2.0
198861,Spruce St,36.9795,-121.91929,7.4
199049,Brookside,37.21842,-121.908424,5.5
200475,Cresthills II,37.04528,-120.84466,3.0
201999,Three Horse Farm,36.95198,-121.45964,2.3
203541,Newgate/Vitero,37.27466,-121.75329,1.1
203975,Camden85,37.249046,-121.912125,0.0
204729,Ruthies,36.925156,-121.77223,4.1
209511,Keller Drive,37.13154,-122.109795,2.0
211271,Smaug,37.155495,-121.99123,2.2
219125,Football stadium,36.83766,-121.404106,6.2
221453,Kings Creek/Blue Ridge Air quality,37.153275,-122.13205,6.4
224235,Redmond Avenue,37.228577,-121.86504,4.8
224985,500 Westridge,36.91058,-121.78283,3.7
227349,Old Fir,37.273857,-122.184685,4.4
227475,Foothill Park,37.235657,-121.85062,3.1
231181,4575 Paul Sweet,37.018036,-121.98132,0.0
233659,Crocker,36.628696,-121.933205,5.5
237037,New Idria,36.417637,-120.67252,0.6
237281,13th Street Central,36.62062,-121.91505,5.9
238567,CCA1,36.76182,-121.74768,4.1
238583,Holand,36.93943,-121.76765,5.0
238585,CCA10,36.680626,-121.626656,27.0
238599,CCA7,36.778805,-121.66431,2.1
238609,CCA8,36.76238,-121.7468,7.6
238631,Aguilar Home,36.92286,-121.769875,0.8
243529,huckleberry,37.130642,-122.11917,2.9
244763,ken630,37.225407,-121.9612,6.0
247807,MadocMiddle,37.28245,-121.98234,5.1
249427,Gold Gulch Rd,37.031773,-122.094,5.6
250327,Tabor Dr,37.072155,-121.99598,3.9
250345,Holiday Drive HLE,37.15393,-121.60309,5.3
256291,Terrace Grove,37.104416,-121.950966,4.3
257653,180 Eleana Dr,37.074657,-122.07453,3.2
257689,St Andrews Dr,36.964336,-121.88147,5.6
258525,Banana belt,36.987244,-122.01285,5.6
